name,iterations,real_time,cpu_time,time_unit,bytes_per_second,items_per_second,label,error_occurred,error_message,"IO Bytes"
"BM_write_random/4096",1,5.73887e+09,1.72244e+09,ns,,,,,,1.07374e+09
"BM_write_random/8192",1,1.33678e+10,1.96465e+09,ns,,,,,,1.07374e+09
"BM_write_random/16384",1,1.34438e+10,1.96319e+09,ns,,,,,,1.07374e+09
"BM_write_random/32768",1,1.35702e+10,1.98759e+09,ns,,,,,,1.07374e+09
"BM_write_random/65536",1,1.40991e+10,2.00322e+09,ns,,,,,,1.07374e+09
"BM_write_random/131072",1,1.36631e+10,1.98606e+09,ns,,,,,,1.07374e+09
"BM_write_random/262144",1,1.34199e+10,1.96949e+09,ns,,,,,,1.07374e+09
"BM_write_random/524288",1,1.33707e+10,1.96038e+09,ns,,,,,,1.07374e+09
"BM_write_random/1048576",1,1.34281e+10,1.9784e+09,ns,,,,,,1.07374e+09
"BM_write_random/2097152",1,1.39654e+10,1.98204e+09,ns,,,,,,1.07374e+09
"BM_write_random/4194304",1,1.41821e+10,1.96837e+09,ns,,,,,,1.07374e+09
"BM_write_random/8388608",1,6.59659e+09,1.74363e+09,ns,,,,,,1.07374e+09
"BM_write_random/16777216",1,7.47872e+09,1.77465e+09,ns,,,,,,1.07374e+09
"BM_write_random/33554432",1,1.34016e+10,1.99771e+09,ns,,,,,,1.07374e+09
"BM_write_random/67108864",1,1.38315e+10,2.00188e+09,ns,,,,,,1.07374e+09
"BM_write_random/134217728",1,1.36118e+10,2.02572e+09,ns,,,,,,1.07374e+09
