name,iterations,real_time,cpu_time,time_unit,bytes_per_second,items_per_second,label,error_occurred,error_message,"IO Bytes"
"BM_write_random/4096",1,4.58237e+09,1.70513e+09,ns,,,,,,1.07374e+09
"BM_write_random/8192",1,9.05691e+09,1.81183e+09,ns,,,,,,1.07374e+09
"BM_write_random/16384",1,1.39071e+10,1.97694e+09,ns,,,,,,1.07374e+09
"BM_write_random/32768",1,1.57926e+10,2.02488e+09,ns,,,,,,1.07374e+09
"BM_write_random/65536",1,4.49291e+09,1.66849e+09,ns,,,,,,1.07374e+09
"BM_write_random/131072",1,1.24264e+10,1.93931e+09,ns,,,,,,1.07374e+09
"BM_write_random/262144",1,1.32677e+10,1.96146e+09,ns,,,,,,1.07374e+09
"BM_write_random/524288",1,1.34627e+10,1.96976e+09,ns,,,,,,1.07374e+09
"BM_write_random/1048576",1,1.34391e+10,1.9673e+09,ns,,,,,,1.07374e+09
"BM_write_random/2097152",1,1.35568e+10,1.98078e+09,ns,,,,,,1.07374e+09
"BM_write_random/4194304",1,1.33364e+10,1.96647e+09,ns,,,,,,1.07374e+09
"BM_write_random/8388608",1,1.35025e+10,1.97186e+09,ns,,,,,,1.07374e+09
"BM_write_random/16777216",1,1.5714e+10,1.99989e+09,ns,,,,,,1.07374e+09
"BM_write_random/33554432",1,6.32238e+09,1.72279e+09,ns,,,,,,1.07374e+09
"BM_write_random/67108864",1,1.31223e+10,1.96972e+09,ns,,,,,,1.07374e+09
"BM_write_random/134217728",1,1.34092e+10,1.96667e+09,ns,,,,,,1.07374e+09
