name,iterations,real_time,cpu_time,time_unit,bytes_per_second,items_per_second,label,error_occurred,error_message,"IO Bytes"
"BM_write_random/4096",1,6.77397e+09,1.7748e+09,ns,,,,,,1.07374e+09
"BM_write_random/8192",1,1.18147e+10,1.93161e+09,ns,,,,,,1.07374e+09
"BM_write_random/16384",1,1.41571e+10,1.99847e+09,ns,,,,,,1.07374e+09
"BM_write_random/32768",1,1.38162e+10,1.99233e+09,ns,,,,,,1.07374e+09
"BM_write_random/65536",1,1.37413e+10,1.99671e+09,ns,,,,,,1.07374e+09
"BM_write_random/131072",1,1.33644e+10,1.99555e+09,ns,,,,,,1.07374e+09
"BM_write_random/262144",1,1.54015e+10,2.0614e+09,ns,,,,,,1.07374e+09
"BM_write_random/524288",1,1.37718e+10,1.98944e+09,ns,,,,,,1.07374e+09
"BM_write_random/1048576",1,1.41288e+10,2.01406e+09,ns,,,,,,1.07374e+09
"BM_write_random/2097152",1,1.34747e+10,1.99811e+09,ns,,,,,,1.07374e+09
"BM_write_random/4194304",1,1.37216e+10,2.00355e+09,ns,,,,,,1.07374e+09
"BM_write_random/8388608",1,1.31892e+10,1.98871e+09,ns,,,,,,1.07374e+09
"BM_write_random/16777216",1,1.33902e+10,1.9898e+09,ns,,,,,,1.07374e+09
"BM_write_random/33554432",1,1.33262e+10,1.99618e+09,ns,,,,,,1.07374e+09
"BM_write_random/67108864",1,1.33609e+10,1.99211e+09,ns,,,,,,1.07374e+09
"BM_write_random/134217728",1,1.42573e+10,1.97597e+09,ns,,,,,,1.07374e+09
